{"train/global_step":0,"_wandb":{"runtime":11},"training_loss":4.3891377449035645,"causal_lm_loss":2.5139589309692383,"cmp_loss":6.264316558837891,"_timestamp":1.7359011970022135e+09,"_runtime":7.13563863,"_step":0}