{"_step":0,"_wandb":{"runtime":40},"train/global_step":0,"training_loss":4.363930702209473,"causal_lm_loss":2.445591688156128,"cmp_loss":6.2822699546813965,"_timestamp":1.735901471059744e+09,"_runtime":38.752852581}